-0.6708203932499368,0.25844261808333024,-0.819079485339707
-0.6708343682963097,0.25865487125043396,-0.8221583862403623
-0.6708762888942901,0.25888928240789943,-0.825253270183366
-0.6709461414257094,0.2591458165518872,-0.8283642945115168
-0.6710439032110962,0.25942443834173246,-0.8314916162576712
-0.6711695425358484,0.2597251120574723,-0.8346353918434459
-0.6713230186867877,0.2600478015549551,-0.837795776777952
-0.6715042819990162,0.26039247021861045,-0.8409729253569929
-0.6717132739129623,0.2607590809119775,-0.8441669903631362
-0.6719499270414878,0.2611475959260712,-0.8473781227670859
-0.6722141652469034,0.2615579769256908,-0.8506064714307413
-0.6725059037277129,0.26199018489376835,-0.8538521828123614
-0.6728250491148932,0.2624441800738623,-0.8571154006742061
-0.6731714995774887,0.26291992191090185,-0.8603962657930413
-0.673545144937286,0.26341736899029666,-0.8636949156738691
-0.6739458667923088,0.26393647897552697,-0.8670114842672387
-0.6743735386488604,0.2644772085443281,-0.8703461016904757
-0.6748280260618216,0.26503951332359643,-0.8736988939531569
-0.6753091867828955,0.26562334782313357,-0.877069982687144
-0.6758168709164794,0.2662286653683631,-0.8804594848814606
-0.6763509210828221,0.26685541803213453,-0.8838675126223017
-0.6769111725881236,0.26750355656576263,-0.8872941728384311
-0.6774974536012139,0.26817303032941586,-0.8907395670522101
-0.6781095853364405,0.268863787221998,-0.8942037911364854
-0.6787473822423856,0.26957577361065144,-0.8976869350775383
-0.6794106521960278,0.27030893426002134,-0.9011890827442882
-0.6800991967019521,0.27106321226141317,-0.9047103116639235
-0.6808128110962123,0.2718385489619787,-0.9082506928040972
-0.6815512847544427,0.27263488389406976,-0.9118102903618344
-0.6823144013038136,0.27345215470489725,-0.9153891615592575
-0.6831019388384263,0.27429029708662334,-0.9189873564462224
-0.6839136701377396,0.2751492447070335,-0.9226049177099436
-0.6847493628876213,0.27602892914091526,-0.926241880491669
-0.6856087799036265,0.27692927980228077,-0.9298982722104366
-0.6864916793560959,0.2778502238775671,-0.9335741123939417
-0.6873978149966837,0.27879168625994566,-0.9372694125165183
-0.6883269363859215,0.2797535894848695,-0.9409841758442208
-0.6892787891214364,0.28073585366699105,-0.9447183972869813
-0.6902531150664446,0.28173839643857546,-0.9484720632577973
-0.6912496525781521,0.2827611328895352,-0.9522451515388985
-0.6922681367357041,0.28380397550921066,-0.95603763115481
-0.693308299567331,0.28486683413001657,-0.9598494622522393
-0.69436987027635,0.2859496158730761,-0.9636805959866841
-0.6954525754656987,0.2870522250959566,-0.9675309744156513
-0.6965561393606773,0.28817456334262237,-0.9714005303983722
-0.697680284029596,0.2893165292957164,-0.9752891875018809
-0.6988247296020383,0.29047801873128054,-0.9791968599133191
-0.6999891944844556,0.2916589244760188,-0.9831234523583224
-0.7011733955728295,0.29285913636720906,-0.9870688600253303
-0.7023770484621487,0.29407854121535815,-0.9910329684956672
-0.7035998676524609,0.2953170227697063,-0.9950156536792197
-0.7048415667512751,0.296574461686666,-0.999016781755551
-0.7061018586721037,0.2978507355012904,-1.0030362091202687
-0.7073804558289456,0.29914571860185546,-1.0070737823364784
-0.7086770703265316,0.30045928220764506,-1.0111293380911417
-0.7099914141461602,0.30179129435001106,-1.0152027031561572
-0.7113231993269704,0.30314161985679045,-1.019293694353994
-0.7126721381425122,0.3045101203401531,-1.0234021185276878
-0.7140379432724866,0.3058966541879432,-1.0275277725150342
-0.7154203279695436,0.3073010765585844,-1.0316704431267976
-0.716819006221036,0.30872323937961077,-1.0358299071287693
-0.7182336929056454,0.3101629913498748,-1.0400059312275036
-0.7196641039448042,0.3116201779454939,-1.0441982720595682
-0.7211099564488526,0.31309464142957577,-1.0484066761841584
-0.7225709688578809,0.3145862208657729,-1.052630880078914
-0.724046861077221,0.3160947521357078,-1.0568706101387966
-0.7255373546075574,0.31762006796029807,-1.0611255826778911
-0.7270421726696445,0.319161997925021,-1.0653955039339942
-0.7285610403236251,0.32072036850913777,-1.0696800700758706
-0.7300936845829522,0.32229500311890724,-1.0739789672130577
-0.731639834522932,0.32388572212479705,-1.0782918714081176
-0.7331992213839077,0.3254923429027149,-1.0826184486912256
-0.7347715786691202,0.32711467987926024,-1.086958355077027
-0.7363566422372807,0.32875254458100445,-1.0913112365836586
-0.7379541503899076,0.3304057456877936,-1.0956767292538863
-0.7395638439534813,0.33207408909006775,-1.100054459178285
-0.741185466356475,0.33375737795018545,-1.1044440425204187
-0.7428187637013356,0.33545541276773183,-1.108845085543979
-0.7444634848314828,0.33716799144878884,-1.11325718464185
-0.7461193813934088,0.33889490937914113,-1.1176799263670865
-0.7477862078939619,0.3406359595013744,-1.1221128874657897
-0.7494637217528984,0.3423909323958336,-1.1265556349118888
-0.7511516833508036,0.3441596163653913,-1.1310077259438325
-0.7528498560724693,0.3459417975239717,-1.1354687081032158
-0.7545580063458311,0.347737259888774,-1.1399381192753746
-0.756275903676568,0.3495457854761297,-1.1444154877319819
-0.7580033206784657,0.3513671544009198,-1.1489003321757028
-0.7597400330996543,0.3532011449794814,-1.1533921617869627
-0.761485819844824,0.35504753383591003,-1.1578904762728939
-0.7632404629935323,0.35690609601167467,-1.162394765918545
-0.7650037478147107,0.3587766050784488,-1.1669045116404255
-0.7667754627774843,0.36065883325404435,-1.1714191850424862
-0.7685553995584133,0.36255255152135457,-1.1759382484746264
-0.7703433530452725,0.36445752975017176,-1.1804611550938395
-0.772139121337477,0.3663735368217713,-1.1849873489281062
-0.7739425057432685,0.3683003407561196,-1.1895162649431439
-0.7757533107737711,0.37023770884158,-1.1940473291121556
-0.7775713441340281,0.3721854077669654,-1.1985799584886765
-0.7793964167111295,0.3741432037557899,-1.2031135612826742
-0.7812283425595377,0.37611086270256655,-1.2076475369400244
-0.7830669388837187,0.3780881503109811,-1.2121812762254993
-0.7849120260181838,0.38007483223378136,-1.2167141613094137
-0.7867634274050448,0.3820706742141966,-1.2212455658580645
-0.7886209695691884,0.3840754422287126,-1.2257748551281091
-0.7904844820911636,0.3860889026310136,-1.2303013860650225
-0.7923537975778869,0.3881108222968903,-1.2348245074057778
-0.7942287516312557,0.390140968769926,-1.239343559785888
-0.796109182814768,0.3921791104077458,-1.2438578758509509
-0.7979949326182362,0.39422501652862163,-1.248366780372832
-0.7998858454206883,0.39627845755822544,-1.252869590370622
-0.8017817684515403,0.39833920517629284,-1.2573656152364932
-0.8036825517501233,0.40040703246299447,-1.2618541568665886
-0.8055880481236525,0.40248171404476796,-1.2663345097970595
-0.8074981131037113,0.40456302623938944,-1.270805961345364
-0.8094126049013317,0.4066507472000439,-1.2752677917569404
-0.8113313843607427,0.4087446570581559,-1.2797192743573576
-0.8132543149118627,0.410844538064739,-1.2841596757100278
-0.8151812625215983,0.4129501747300217,-1.288588255779578
-0.817112095644024,0.4150613539611008,-1.2930042681009526
-0.819046685169502,0.4171778651973779,-1.2974069599543112
-0.8209849043728055,0.41929950054352894,-1.301795572545788
-0.8229266288603047,0.4214260548997598,-1.3061693411941528
-0.8248717365162737,0.4235573260890988,-1.3105274955234147
-0.8268201074483703,0.4256931149814793,-1.314869259661392
-0.8287716239323419,0.42783322561436343,-1.3191938524442626
-0.8307261703560093,0.4299774653096662,-1.3235004876270968
-0.832683633162571,0.4321256447867361,-1.327788374100364
-0.8346439007932793,0.4342775782711482,-1.3320567161123853
-0.8366068636295264,0.43643308359908317,-1.3363047134977006
-0.8385724139343823,0.43859198231705177,-1.340531561911299
-0.8405404457936269,0.4407540997767424,-1.3447364530686476
-0.8425108550563069,0.44291926522476865,-1.348918574991451
-0.8444835392748578,0.4450873118870996,-1.353077112259037
-0.8464583976448206,0.44725807704796705,-1.357211246265284
-0.8484353309441843,0.4494314021230442,-1.361320155480956
-0.8504142414723878,0.4516071327267015,-1.3654030157213297
-0.8523950329889991,0.4537851187331562,-1.3694590004189577
-0.8543776106521097,0.4559652143313335,-1.3734872809014211
-0.8563618809564576,0.45814727807327726,-1.3774870266738963
-0.8583477516713091,0.46033117291594505,-1.3814574057063544
-0.8603351317781156,0.4625167662562484,-1.3853975847251996
-0.862323931407969,0.4647039299591915,-1.3893067295091386
-0.8643140617788716,0.4668925403789951,-1.3931840051890623
-0.8663054351328379,0.4690824783730807,-1.397028576551712
-0.8682979646728454,0.471273629308822,-1.4008396083468826
-0.87029156449965,0.4734658830629733,-1.404616265597924
-0.8722861495484762,0.4756591340136985,-1.4083577139152623
-0.8742816355255993,0.4778532810251398,-1.4120631198126932
-0.8762779388448293,0.4800482274244806,-1.4157316510261466
-0.8782749765639069,0.48224388097146464,-1.4193624768346547
-0.8802726663208241,0.48444015382035466,-1.4229547683832184
-0.8822709262700767,0.48663696247432664,-1.4265076990072794
-0.8842696750188606,0.4888342277323041,-1.4300204445584894
-0.8862688315632161,0.4910318746282625,-1.4334921837314694
-0.8882683152241329,0.49322983236303963,-1.4369220983912439
-0.8902680455836198,0.4954280342287053,-1.4403093739010335
-0.892267942420747,0.49762641752556025,-1.4436531994500832
-0.8942679256476697,0.4998249234718478,-1.446952768381218
-0.8962679152456366,0.5020234971062745,-1.450207278517787
-0.8982678312009937,0.5042220871834534,-1.453415932489692
-0.9002675934411845,0.5064206460623963,-1.4565779380581663
-0.9022671217707585,0.5086191295881943,-1.4596925084390027
-0.9042663358073925,0.5108174969670454,-1.4627588626238985
-0.9062651549179279,0.5130157106347897,-1.465776225699622
-0.9082634981544374,0.51521373611914,-1.468743829164683
-0.9102612841903226,0.5174115418958001,-1.471660911243213
-0.9122584312564517,0.5196090992386704,-1.47452671719576
-0.914254857077347,0.5218063820643708,-1.4773404996267063
-0.916250478807429,0.5240033667712961,-1.4801015187880366
-0.9182452129673234,0.5262000320734554,-1.4828090428791774
-0.9202389753802462,0.5283963588293388,-1.4854623483426503
-0.9222316811084722,0.5305923298660722,-1.4880607201552898
-0.9242232443899006,0.5327879297991324,-1.4906034521147755
-0.9262135785747277,0.5349831448478949,-1.4930898471212561
-0.9282025960622409,0.5371779626473027,-1.4955192174538456
-0.930190208237747,0.5393723720559459,-1.4978908850417791
-0.9321763254096496,0.5415663629608527,-1.50020418173004
-0.9341608567466904,0.5437599260792934,-1.5024584495392783
-0.936143710215374,0.5459530527579074,-1.5046530409198464
-0.938124792517592,0.5481457347694676,-1.5067873189998051
-0.9401040090284656,0.5503379641075968,-1.5088606578267565
-0.9420812637344319,0.5525297327797565,-1.5108724426033806
-0.9440564591715901,0.554721032598829,-1.5128220699165604
-0.9460294963643366,0.5569118549736205,-1.5147089479600067
-0.948000274764311,0.5591021906985982,-1.516532496750291
-0.9499686921896853,0.561292029743197,-1.5182921483362297
-0.9519346447648164,0.5634813610410105,-1.5199873470015568
-0.9538980268603028,0.5656701722791907,-1.5216175494608581
-0.95585873103347,0.5678584496883744,-1.5231822250487306
-0.9578166479693235,0.5700461778334526,-1.5246808559021723
-0.9597716664220047,0.5722333394055005,-1.526112937136196
-0.961723673156787,0.5744199150151665,-1.527477977012689
-0.9636725528926533,0.5766058829878373,-1.528775497102553
-0.9656181882455002,0.5787912191608688,-1.5300050324411676
-0.9675604596720081,0.5809758966831808,-1.5311661316772367
-0.9694992454142296,0.5831598858175038,-1.5322583572150865
-0.9714344214449434,0.5853431537455521,-1.533281285350494
-0.9733658614138243,0.5875256643764083,-1.5342345064001506
-0.9752934365944869,0.589707378158371,-1.5351176248248513
-0.9772170158324542,0.5918882518945376,-1.5359302593465356
-0.9791364654941173,0.594068238562362,-1.5366720430592924
-0.981051649416738,0.5962472871374342,-1.5373426235344767
-0.9829624288595689,0.598425342421709,-1.5379416629200648
-0.9848686624561491,0.6006023448764144,-1.5384688380344067
-0.9867702061678478,0.6027782304598464,-1.5389238404545296
-0.9886669132387281,0.6049529304702579,-1.539306376599151
-0.9905586341518035,0.6071263713940344,-1.5396161678065783
-0.9924452165867618,0.6092984747593443,-1.5398529504076546
-0.9943265053792424,0.6114691569954347,-1.540016475793941
-0.9962023424817398,0.6136383292977378,-1.5401065104813063
-0.9980725669262224,0.6158058974989469,-1.54012283616911
-0.9999370147885533,0.617971761946197,-1.5400652497951648
-1.0017955191547996,0.6201358173844957,-1.5399335635866598
-1.0036479100895226,0.6222979528465191,-1.5397276051072344
-1.0054940146061424,0.6244580515488907,-1.5394472173003833
-1.0073336566394733,0.6266159907950486,-1.5390922585293845
-1.0091666570205242,0.6287716418847936,-1.5386626026139214
-1.0109928334536715,0.6309248700306005,-1.5381581388635877
-1.0128120004962948,0.633075534280776,-1.5375787721084446
-1.01462396954099,0.6352234874495167,-1.5369244227268057
-1.0164285488004596,0.6373685760539359,-1.5361950266704112
-1.0182255432951843,0.639510640258097,-1.53539053548716
-1.0200147548439913,0.6416495138240992,-1.534510916341543
-1.021795982057622,0.6437850240702405,-1.5335561520329393
-1.02356902033541,0.6459169918362854,-1.5325262410119005
-1.0253336618651867,0.6480452314558403,-1.5314211973945673
-1.0270896956265163,0.650169550735859,-1.5302410509753346
-1.0288369073973795,0.6522897509432586,-1.5289858472378808
-1.0305750797644162,0.6544056267986486,-1.5276556473646652
-1.032303992136837,0.6565169664771514,-1.5262505282449894
-1.0340234207641181,0.6586235516162957,-1.5247705824817017
-1.0357331387575859,0.6607251573309416,-1.5232159183966183
-1.0374329161160087,0.6628215522352181,-1.5215866600347245
-1.0391225197552942,0.6649124984714164,-1.5198829471671973
-1.0408017135424081,0.6669977517457942,-1.5181049352932912
-1.0424702583336136,0.6690770613712438,-1.5162527956411087
-1.0441279120171356,0.6711501703167546,-1.5143267151672657
-1.04577442956035,0.6732168152636129,-1.5123268965554475
-1.0474095630615925,0.6752767266682674,-1.510253558213846
-1.0490330618066832,0.6773296288317837,-1.5081069342714382
-1.0506446723302538,0.6793752399758132,-1.5058872745730767
-1.0522441384819594,0.6814132723249922,-1.503594844673322
-1.0538312014976616,0.6834434321956813,-1.5012299258289643
-1.0554056000756509,0.685465420090957,-1.4987928149901282
-1.056967070457981,0.6874789308017616,-1.4962838247898926
-1.0585153465169759,0.6894836535141078,-1.4937032835322925
-1.0600501598469652,0.6914792719222401,-1.4910515351785907
-1.0615712398613006,0.6934654643476487,-1.4883289393316854
-1.063078313894689,0.6954419038638182,-1.4855358712185005
-1.0645711073108801,0.697408258426615,-1.4826727216702058
-1.066049343615731,0.6993641910101778,-1.4797398971000866
-1.067512744575663,0.7013093597482134,-1.4767378194788867
-1.0689610303415207,0.7032434180805593,-1.4736669263074316
-1.0703939195778251,0.7051660149049028,-1.4705276705863164
-1.0718111295974078,0.7070767947335199,-1.4673205207824647
-1.0732123765014048,0.7089753978549089,-1.4640459607923142
-1.0745973753245694,0.710861460500184,-1.4607044899014088
-1.0759658401858605,0.7127346150140966,-1.4572966227401594
-1.0773174844442428,0.7145944900305421,-1.4538228892355205
-1.0786520208596302,0.7164407106524127,-1.450283834558332
-1.0799691617588876,0.7182728986356547,-1.4466800190660765
-1.0812686192067895,0.7200906725773802,-1.4430120182407735
-1.0825501051818298,0.721893648107885,-1.4392804226217628
-1.0838133317567562,0.7236814380864222,-1.4354858377330955
-1.0850580112836865,0.7254536528005736,-1.4316288840052698
-1.0862838565836652,0.7272099001690644,-1.4277101966910415
-1.0874905811404816,0.7289497859478559,-1.4237304257750347
-1.0886778992985795,0.7306729139393566,-1.4196902358768884
-1.0898455264648585,0.732378886204585,-1.4155903061476758
-1.0909931793141583,0.7340673032781091,-1.4114313301593324
-1.092120575998207,0.7357377643855992,-1.4072140157868336
-1.0932274363577905,0.7373898676638106,-1.402939085082882
-1.0943134821379008,0.7390232103828226,-1.3986072741448514
-1.0953784372055904,0.7406373891703508,-1.3942193329737618
-1.0964220277702588,0.7422320002379506,-1.3897760253250548
-1.0974439826060838,0.7438066396089228,-1.385278128550965
-1.0984440332762877,0.745360903347735,-1.3807264334342773
-1.0994219143589292,0.7468943877907619,-1.3761217440132905
-1.1003773636738883,0.7484066897781562,-1.3714648773978082
-1.1013101225107111,0.7498974068866472,-1.3667566635760058
-1.1022199358569627,0.7513661376630706,-1.361997945212025
-1.103106552626731,0.752812481858427,-1.3571895774341816
-1.1039697258889123,0.7542360406622637,-1.3523324276136708
-1.1048092130949059,0.7556364169371776,-1.3474273751336956
-1.1056247763053335,0.7570132154532256,-1.3424753111489478
-1.1064161824153909,0.7583660431220389,-1.3374771383353963
-1.107183203378442,0.7596945092304268,-1.3324337706303666
-1.1079256164274531,0.7609982256732594,-1.3273461329629055
-1.108643204293865,0.7622768071854157,-1.3222151609744655
-1.109335755423496,0.7635298715725853,-1.317041800729943
-1.1100030641890744,0.7647570399407058,-1.311827008419157
-1.1106449310989885,0.7659579369238267,-1.3065717500488527
-1.1112611630018534,0.7671321909101831,-1.3012770011253654
-1.1118515732864878,0.7682794342662655,-1.2959437463280759
-1.112415982076907,0.7693993035586741,-1.2905729791738456
-1.1129542164219335,0.7704914397735485,-1.2851657016726163
-1.113466110479037,0.771555488533357,-1.2797229239744055
-1.1139515056920304,0.7725911003108459,-1.2742456640079423
-1.114410250962237,0.773597930639935,-1.2687349471112113
-1.1148422028127807,0.7745756403233623,-1.2631918056542093
-1.1152472255456412,0.775523895636877,-1.2576172786542326
-1.1156251913911324,0.7764423685297799,-1.252012411384028
-1.1159759806494907,0.777330736821627,-1.2463782549731914
-1.1162994818242487,0.7781886843949004,-1.2407158660031836
-1.116595591747114,0.7790159013834668,-1.235026306096382
-1.1168642156940627,0.7798120843566427,-1.2293106414995916
-1.1171052674923994,0.780576936498698,-1.223569942662464
-1.1173186696185329,0.7813101677836212,-1.217805283811281
-1.117504353286256,0.7820114951449966,-1.212017742518593
-1.1176622585253204,0.7826806426408286,-1.206208399269199
-1.117792334250133,0.7833173416131703,-1.2003783370229804
-1.1178945383184156,0.7839213308424153,-1.1945286407751063
-1.1179688375796886,0.7844923566961186,-1.188660397114143
-1.118015207913476,0.7850301732722182,-1.1827746937786057
-1.118033634257134,0.7855345425365483,-1.176872619212505
-1.1180241106232451,0.7860052344545239,-1.1709552621204327
-1.1179866401065355,0.7864420271169047,-1.1650237110227528
-1.1179212348802992,0.7868447068595441,-1.1590790538114526
-1.1178279161823381,0.7872130683770372,-1.153122377307214
-1.1177067142904515,0.7875469148302013,-1.1471547668182729
-1.1175576684875275,0.7878460579473133,-1.1411773057016108
-1.117380827016322,0.7881103181190638,-1.1351910749270453
-1.1171762470240276,0.7883395244871672,-1.1291971526447577
-1.1169439944967587,0.7885335150266026,-1.1231966137568017
-1.1166841441841036,0.788692136621453,-1.1171905294931244
-1.116396779513915,0.7888152451343298,-1.1111799669926188
-1.1160819924975376,0.7889027054693702,-1.1051659888897156
-1.1157398836256798,0.788954391628816,-1.0991496529070146
-1.1153705617551684,0.788970186763179,-1.0931320114544265
-1.1149741439868421,0.7889499832150166,-1.0871141112352998
-1.1145507555348502,0.7888936825563487,-1.0810969928599727
-1.1141005295876485,0.7888011956197508,-1.0750816904671816
-1.1136236071609995,0.788672442523176,-1.069069231353733
-1.113120136943295,0.7885073526885553,-1.0630606356128318
-1.1125902751335333,0.7883058648542477,-1.0570569157814247
-1.1120341852723021,0.7880679270814099,-1.0510590764969165
-1.111452038066124,0.7877934967543606,-1.0450681141635683
-1.110844011205532,0.7874825405750396,-1.0390850166288832
-1.1102102891772543,0.7871350345516432,-1.0331107628702576
-1.109551063070895,0.7867509639815469,-1.0271463226921367
-1.1088665303805003,0.7863303234286205,-1.021192656433916
-1.108156894801411,0.7858731166950514,-1.0152507146887746
-1.1074223660228006,0.7853793567877954,-1.0093214380336282
-1.1066631595163041,0.7848490658797803,-1.0034057567703425
-1.1058794963211434,0.7842822752659966,-0.9975045906783413
-1.1050716028261585,0.7836790253146061,-0.991618848778707
-1.104239710549144,0.7830393654132124,-0.9857494291098496
-1.1033840559139008,0.782363353910434,-0.9798972185147949
-1.1025048800254003,0.7816510580529289,-0.9740630924401286
-1.1016024284434576,0.7809025539180188,-0.9682479147465886
-1.1006769509553074,0.7801179263420694,-0.9624525375313014
-1.099728701347464,0.7792972688447757,-0.9566778009616111
-1.0987579371772476,0.778440683549515,-0.9509245331204499
-1.0977649195443426,0.7775482810999246,-0.9451935498631586
-1.0967499128627545,0.7766201805728591,-0.9394856546856643
-1.0957131846335133,0.7756565093878939,-0.9338016386038827
-1.0946550052184643,0.774657403213531,-0.9281422800442218
-1.0935756476154823,0.7736230058702682,-0.9225083447450099
-1.0924753872354225,0.772553469230694,-0.9169005856686921
-1.0913545016811177,0.7714489531167643,-0.9113197429245955
-1.0902132705287195,0.7703096251944211,-0.9057665437020649
-1.0890519751116579,0.7691356608657123,-0.9002417022137511
-1.0878708983074952,0.7679272431585629,-0.8947459196488177
-1.0866703243279265,0.766684562614358,-0.8892798841358349
-1.0854505385121653,0.7654078171734824,-0.883844270715098
-1.0842118271239471,0.7640972120589714,-0.8784397413201173
-1.0829544771523576,0.7627529596584177,-0.8730669447680056
-1.0816787761166917,0.7613752794042773,-0.8677265167584913
-1.0803850118755203,0.7599643976527166,-0.8624190798812648
-1.0790734724401423,0.7585205475611393,-0.85714524363138
-1.0777444457925756,0.757043968964524,-0.8519056044324069
-1.0763982197082278,0.7555349082507093,-0.8467007456670473
-1.0750350815833802,0.7539936182347486,-0.8415312377149048
-1.0736553182675947,0.7524203580324615,-0.8363976379971139
-1.0722592159011508,0.7508153929333006,-0.8313004910275208
-1.0708470597575979,0.7491789942726494,-0.8262403284701136
-1.0694191340914994,0.7475114393036661,-0.8212176692023991
-1.0679757219914348,0.745813011068779,-0.8162330193844267
-1.0665171052383067,0.7440839982709353,-0.8112868725331496
-1.0650435641689955,0.7423246951447109,-0.806379709601841
-1.0635553775453912,0.7405354013273695,-0.8015119990642575
-1.0620528224288146,0.7387164217299675,-0.7966841970032674
-1.0605361740598405,0.7368680664085889,-0.7918967472036516
-1.059005705743516,0.7349906504357987,-0.787150081248801
-1.0574616887399637,0.733084493772389,-0.7824446186210285
-1.0559043921603444,0.7311499211394981,-0.777780766805232
-1.0543340828681527,0.7291872618911706,-0.7731589213956335
-1.0527510253858043,0.7271968498874284,-0.7685794662053467
-1.0511554818064686,0.7251790233679173,-0.7640427733785142
-1.0495477117110934,0.7231341248261844,-0.7595492035047714
-1.047927972090562,0.7210625008846508,-0.7550991057358032
-1.046296517272912,0.7189645021703226,-0.7506928179037556
-1.0446535988555494,0.7168404831912988,-0.7463306666412907
-1.0429994656423724,0.7146908022141132,-0.7420129675030573
-1.0413343635857293,0.712515821141962,-0.7377400250883854
-1.039658535733115,0.7103159053938435,-0.7335121331649891
-1.0379722221785224,0.708091423784662,-0.7293295747935045
-1.0362756600183467,0.7058427484063108,-0.725192622452662
-1.0345690833117467,0.7035702545097804,-0.7211015381649367
-1.0328527230453624,0.7012743203883061,-0.7170565736224913
-1.0311268071022843,0.6989553272615878,-0.7130579703132707
-1.0293915602351646,0.6966136591610992,-0.7091059596470839
-1.0276472040433693,0.6942497028165049,-0.7052007630815381
-1.0258939569540555,0.6918638475432075,-0.7013425922476888
-1.024132034207067,0.6894564851310283,-0.6975316490752739
-1.0223616478435344,0.6870280097340471,-0.6937681259174201
-1.0205830066980728,0.6845788177615983,-0.6900522056747019
-1.0187963163944562,0.6821093077704404,-0.6863840619184555
-1.0170017793446662,0.6796198803580997,-0.68276385901324
-1.015199594751198,0.677110938057393,-0.6791917522383674
-1.0133899586125128,0.6745828852321355,-0.6756678879084056
-1.0115730637315268,0.672036127974029,-0.672192403492588
-1.0097490997270286,0.6694710740007352,-0.6687654277330484
-1.0079182530479143,0.6668881325551272,-0.6653870807618258
-1.0060807069901332,0.6642877143057195,-0.6620574742165722
-1.004236641716243,0.6616702312482725,-0.6587767113549206
-1.002386234277463,0.6590360966085606,-0.6555448871674564
-1.0005296586381287,0.6563857247463033,-0.6523620884892571
-0.998667085702446,0.6537195310602485,-0.6492283941099621
-0.9967986833434456,0.6510379318943991,-0.6461438748823407
-0.9949246164340428,0.648341344445375,-0.6431085938293333
-0.9930450468801058,0.6456301866709011,-0.640122606249546
-0.9911601336554446,0.6429048771994068,-0.6371859598211742
-0.9892700328386268,0.6401658352407306,-0.6342986947043542
-0.9873748976515376,0.637413480497916,-0.6314608436419223
-0.9854748784995926,0.6346482330800824,-0.6286724320585844
-0.9835701230135286,0.6318705134163674,-0.6259334781584897
-0.9816607760926883,0.6290807421709173,-0.6232439930212158
-0.97974697994972,0.6262793401589244,-0.6206039806961705
-0.9778288741566225,0.6234667282636807,-0.618013438295409
-0.9759065956920576,0.6206433273546542,-0.6154723560848965
-0.973980278989866,0.6178095582065596,-0.6129807175742135
-0.9720500559887135,0.6149658414194157,-0.6105384996047337
-0.9701160561828053,0.612112597339572,-0.6081456724362848
-0.9681784066736107,0.609250245981699,-0.6058021998323221
-0.9662372322225287,0.6063792069517147,-0.6035080391436338
-0.9642926553044474,0.6034998993706496,-0.6012631413906104
-0.9623447961621344,0.6006127417994224,-0.599067451344096
-0.9603937728614117,0.5977181521645216,-0.5969209076048662
-0.9584397013470602,0.5948165476845797,-0.5948234426817525
-0.9564826954994092,0.5919083447978211,-0.592774983068452
-0.9545228671915649,0.5889939590903785,-0.5907754493190578
-0.9525603263472321,0.5860738052254587,-0.5888247561223412
-0.950595180999091,0.5831482968733512,-0.5869228123748321
-0.948627537347689,0.5802178466422635,-0.5850695212527258
-0.9466574998208086,0.5772828660099779,-0.5832647802826658
-0.9446851711332793,0.5743437652563074,-0.5815084814114336
-0.942710652347198,0.5714009533963536,-0.579800511074595
-0.9407340429325293,0.5684548381145463,-0.5781407502641409
-0.9387554408280515,0.5655058256994628,-0.5765290745951668
-0.936774942502627,0.562554320979405,-0.5749653543716318
-0.9347926430167652,0.5596007272587447,-0.573449454651248
-0.9328086360844561,0.5566454462550071,-0.571981235309537
-0.930823014135254,0.5536888780367035,-0.5705605511031033
-0.9288358683765838,0.5507314209618899,-0.5691872517321693
-0.9268472888562559,0.5477734716174568,-0.5678611819024182
-0.9248573645251689,0.5448154247591352,-0.5665821813861867
-0.9228661833001807,0.54185767325222,-0.5653500850830631
-0.9208738321271345,0.538900608012994,-0.564164723079926
-0.9188803970440242,0.5359446179508627,-0.5630259207104797
-0.9168859632442841,0.5329900899111826,-0.5619334986143285
-0.9148906151401904,0.5300374086187862,-0.5608872727956369
-0.9128944364263627,0.5270869566221952,-0.5598870546814262
-0.910897510143355,0.5241391142385242,-0.5589326511795494
-0.9088999187413229,0.5211942594990696,-0.5580238647363978
-0.9069017441437609,0.5182527680955812,-0.5571604933943807
-0.9049030678112995,0.5153150133272177,-0.5563423308492281
-0.9029039708055506,0.5123813660481833,-0.5555691665071654
-0.900904533852998,0.5094521946160457,-0.5548407855420018
-0.8989048374089235,0.5065278648407368,-0.5541569689521841
-0.8969049617213588,0.5036087399342374,-0.5535174936178638
-0.8949049868950607,0.500695180460943,-0.5529221323580159
-0.8929049929555001,0.4977875442887202,-0.5523706539876678
-0.8909050599128582,0.49488618654064864,-0.551862823375275
-0.8889052678260261,0.4919914595474587,-0.5513984015002961
-0.8869056968665969,0.4891037128006618,-0.550977145511011
-0.8849064273828497,0.48622329290638167,-0.5505988087826257
-0.8829075399637116,0.48335054353989293,-0.550263140975717
-0.8809091155027,0.48048580540086694,-0.5499698880950555
-0.8789112352618267,0.47762941616933474,-0.549718792548855
-0.87691398093547,0.47478171046237305,-0.5495095932084947
-0.8749174347141933,0.47194301979151865,-0.5493420254687573
-0.8729216793485137,0.4691136725209206,-0.5492158213086318
-0.8709267982126027,0.4662939938262358,-0.5491307093527166
-0.8689328753679147,0.46348430565428145,-0.5490864149332817
-0.8669399956267345,0.4606849266834434,-0.549082660153018
-0.8649482446156255,0.4578961722848641,-0.5491191639485299
-0.8629577088387761,0.45511835448440685,-0.5491956421546075
-0.8609684757412256,0.45235178192541403,-0.5493118075693262
-0.8589806337719587,0.4495967598322702,-0.5494673700200121
-0.8569942724468521,0.4468535899747791,-0.5496620364301189
-0.8550094824114615,0.4441225706333678,-0.5498955108870579
-0.8530263555036255,0.44140399656512985,-0.5501674947110202
-0.8510449848158766,0.4386981589707224,-0.5504776865248372
-0.8490654647576331,0.4360053454621271,-0.5508257823249125
-0.8470878911171542,0.43332584003129315,-0.5512114755532755
-0.8451123611232357,0.4306599230196715,-0.5516344571707863
-0.8431389735066239,0.42800787108866045,-0.5520944157315375
-0.8411678285611186,0.4253699571909718,-0.5525910374584886
-0.8391990282043443,0.42274645054294,-0.5531240063203728
-0.8372326760381531,0.42013761659778315,-0.55369300410991
-0.835268877408638,0.4175437170198354,-0.5542977105233643
-0.8333077394657159,0.414965009659771,-0.5549378032414845
-0.8313493712222527,0.412401748530828,-0.5556129580118541
-0.82939388361269,0.4098541837860574,-0.5563228487326937
-0.8274413895511357,0.4073225616966101,-0.557067147538141
-0.8254920039888848,0.4048071246310819,-0.5578455248850458
-0.8235458439713165,0.4023081110359351,-0.5586576496413053
-0.8216030286941329,0.3998257554170106,-0.559503189175773
-0.8196636795588892,0.39736028832215453,-0.5603818094497677
-0.8177279202277641,0.39491193632497557,-0.5612931751102067
-0.815795876677524,0.3924809220097517,-0.5622369495843933
-0.8138676772526225,0.39006746395750425,-0.5632127951764765
-0.8119434527173816,0.3876717767332616,-0.5642203731656114
-0.810023336307196,0.3852940708745286,-0.5652593439058314
-0.8081074637786987,0.38293455288098066,-0.5663293669276601
-0.8061959734588243,0.3805934252054076,-0.5674301010414716
-0.8042890062927056,0.378270886245914,-0.5685612044426183
-0.8023867058903319,0.37596713033941076,-0.5697223348183347
-0.8004892185719021,0.37368234775640263,-0.5709131494564285
-0.7985966934117941,0.37141672469710096,-0.5721333053557678
-0.7967092822810796,0.36917044328887294,-0.5733824593385626
-0.7948271398885002,0.3669436815850502,-0.5746602681644538
-0.7929504238198283,0.3647366135651129,-0.5759663886463946
-0.7910792945755272,0.3625494091362682,-0.5773004777683337
-0.7892139156066231,0.3603822341364371,-0.5786621928046817
-0.7873544533487026,0.3582352503386719,-0.580051191441561
-0.7855010772539444,0.3561086154570161,-0.5814671318998157
-0.7836539598210912,0.3540024831538263,-0.5829096730597705
-0.7818132766232668,0.3519170030485642,-0.5843784745877145
-0.779979206333542,0.3498523207280869,-0.5858731970640876
-0.7781519307481485,0.347808577758431,-0.5873935021133346
-0.7763316348072403,0.34578591169812256,-0.5889390525354018
-0.7745185066130988,0.34378445611300823,-0.5905095124388315
-0.7727127374456764,0.3418043405926322,-0.5921045473754157
-0.7709145217753735,0.3398456907681595,-0.5937238244763613
-0.7691240572729415,0.3379086283318642,-0.5953670125899155
-0.7673415448163984,0.3359932710581772,-0.5970337824203932
-0.7655671884948522,0.334099732826319,-0.5987238066685476
-0.7638011956091204,0.3322281236445036,-0.6004367601732122
-0.7620437766690296,0.330378549675734,-0.6021723200541488
-0.7602951453872903,0.32855111326518094,-0.6039301658560128
-0.7585555186698275,0.326745912969155,-0.6057099796933656
-0.7568251166024615,0.3249630435856614,-0.6075114463966306
-0.7551041624338236,0.3232025961865501,-0.6093342536589095
-0.7533928825543967,0.32146465815124414,-0.6111780921835461
-0.7516915064715707,0.31974931320204625,-0.6130426558323406
-0.7500002667806056,0.3180566414410224,-0.6149276417742926
-0.7483193991313914,0.31638671938843976,-0.6168327506347538
-0.7466491421909057,0.3147396200227647,-0.6187576866448687
-0.7449897376012585,0.31311541282219246,-0.620702157791165
-0.7433414299332322,0.31151416380770225,-0.6226658759651547
-0.7417044666352132,0.30993593558761756,-0.6246485571128013
-0.7400790979774257,0.30838078740365404,-0.626649921383702
-0.7384655769913748,0.3068487751784279,-0.6286696932798228
-0.736864159404418,0.30533995156440663,-0.6307076018036218
-0.7352751035693781,0.3038543659942683,-0.6327633806053912
-0.7336986703891301,0.3023920647326481,-0.6348367681296347
-0.7321351232360839,0.30095309092923117,-0.6369275077603042
-0.7305847278665062,0.299537484673165,-0.639035347964697
-0.7290477523296186,0.29814528304874777,-0.6411600424358217
-0.7275244668714294,0.296776520192358,-0.6433013502330281
-0.7260151438332457,0.2954312273505778,-0.6454590359206986
-0.7245200575448434,0.2941094329394679,-0.6476328697047804
-0.7230394842122587,0.29281116260494355,-0.6498226275669436
-0.7215737018001905,0.2915364392842046,-0.6520280913961494
-0.7201229899090028,0.2902852832681603,-0.6542490491173846
-0.7186876296463298,0.28905771226479515,-0.6564852948173485
-0.7172679034932969,0.2878537414634158,-0.6587366288668439
-0.7158640951653784,0.28667338359971917,-0.6610028580396412
-0.7144764894679295,0.28551664902161256,-0.6632837956275661
-0.7131053721464335,0.284383545755722,-0.6655792615515789
-0.7117510297315284,0.28327407957451567,-0.6678890824685825
-0.7104137493788754,0.28218825406397074,-0.6702130918737282
-0.7090938187039597,0.2811260706917106,-0.6725511301979564
-0.7077915256119103,0.28008752887552835,-0.6749030449005332
-0.7065071581224583,0.27907262605222205,-0.6772686905563292
-0.7052410041901443,0.27808135774665776,-0.6796479289375941
-0.7039933515199219,0.2771137176409727,-0.6820406290899788
-0.7027644873782989,0.27616969764383437,-0.6844466674025631
-0.7015546984001839,0.2752492879596645,-0.6868659276716498
-0.7003642703916184,0.2743524771577396,-0.6892983011580791
-0.6991934881285796,0.2734792522410735,-0.6917436866378416
-0.6980426351520688,0.2726295987149864,-0.6942019904457529
-0.6969119935597,0.2718035006552675,-0.6966731265119726
-0.6958018437940249,0.27100094077583436,-0.6991570163911496
-0.6947124644278444,0.27022190049578654,-0.7016535892839881
-0.6936441319467664,0.26946636000575985,-0.7041627820510339
-0.6925971205292845,0.26873429833348117,-0.7066845392184902
-0.691571701824673,0.26802569340841675,-0.7092188129758812
-0.690568144728988,0.2673405221254245,-0.7117655631653984
-0.6895867151595008,0.2666787604073002,-0.7143247572627622
-0.6886276758278761,0.26604038326612234,-0.7168963703494657
-0.6876912860124458,0.26542536486329427,-0.7194803850762529
-0.6867778013299088,0.2648336785681845,-0.7220767916177246
-0.6858874735068308,0.26426529701526547,-0.7246855876179565
-0.6850205501512963,0.26372019215965303,-0.7273067781270479
-0.6841772745250952,0.26319833533095693,-0.7299403755285241
-0.6833578853168233,0.2626996972853338,-0.7325863994575292
-0.6825626164162844,0.26222424825566604,-0.7352448767097759
-0.6817916966905913,0.2617719579997634,-0.7379158411412283
-0.6810453497623599,0.26134279584650744,-0.7405993335585057
-0.6803237937904023,0.26093673073984536,-0.7432954016000259
-0.6796272412533241,0.26055373128055825,-0.7460040996079182
-0.6789558987364263,0.2601937657657174,-0.7487254884907568
-0.6783099667223278,0.259856802225755,-0.7514596355771817
-0.677689639385704,0.25954280845907696,-0.7542066144605024
-0.6770951043925525,0.25925175206414697,-0.7569665048343843
-0.6765265427043795,0.25898360046897495,-0.7597393923197563
-0.6759841283877069,0.25873832095795435,-0.7625253682830798
-0.6754680284292855,0.25851588069598563,-0.7653245296461499
-0.6749784025573986,0.25831624674983666,-0.768136978687616
-0.6745154030696267,0.2581393861066926,-0.7709628228364257
-0.6740791746674404,0.2579852656898539,-0.7738021744574207
-0.6736698542979703,0.2578538523715421,-0.7766551506293211
-0.6732875710032988,0.2577451129827838,-0.7795218729153646
-0.672932445777594,0.25765901432034666,-0.7824024671268791
-0.6726045914324075,0.2575955231507061,-0.7852970630800794
-0.6723041124704253,0.2575546062110249,-0.7882057943464005
-0.6720311049679543,0.2575362302071391,-0.7911287979966981
-0.6717856564664099,0.25754036180854334,-0.794066214339648
-0.671567845873044,0.25756696764038356,-0.7970181866547107
-0.6713777433711405,0.25761601427245473,-0.799984860920015
-0.6712154103398815,0.25768746820522725,-0.8029663855355494
-0.671080899284066,0.2577812958529172,-0.8059629110420443
-0.6709742537738441,0.25789746352362375,-0.8089745898359462
-0.6708955083946013,0.25803593739657094,-0.8120015758808873
-0.6708446887071132,0.2581966834964867,-0.8150440244160708
-0.670821811218058,0.25837966766516285,-0.8181020916619817
